{
  "name": "Ultimate_Workflow_V14",
  "nodes": [
    {
      "name": "Start",
      "type": "start",
      "parameters": {}
    },
    {
      "name": "Webhook",
      "type": "webhook",
      "parameters": {
        "path": "v14-trigger"
      }
    },
    {
      "name": "HTTP Request",
      "type": "httpRequest",
      "parameters": {
        "url": "https://api.example.com/data"
      }
    },
    {
      "name": "Set",
      "type": "set",
      "parameters": {
        "fields": [
          {
            "name": "status",
            "value": "processed"
          }
        ]
      }
    },
    {
      "name": "Supabase Insert",
      "type": "supabase",
      "parameters": {
        "table": "events"
      }
    },
    {
      "name": "Logger",
      "type": "log",
      "parameters": {
        "message": "Evolved from V13"
      }
    }
  ],
  "connections": {
    "Start": [
      "Webhook"
    ],
    "Webhook": [
      "HTTP Request"
    ],
    "HTTP Request": [
      "Set"
    ],
    "Set": [
      "Supabase Insert"
    ]
  }
}