{
  "name": "Ultimate_Workflow_V16",
  "nodes": [
    {
      "name": "HTTP Request",
      "type": "httpRequest",
      "parameters": {
        "url": "https://api.example.com/data"
      }
    },
    {
      "name": "HTTP Request_v15_v16",
      "type": "httpRequest",
      "parameters": {
        "url": "https://api.example.com/data"
      }
    },
    {
      "name": "HTTP Request_v16",
      "type": "httpRequest",
      "parameters": {
        "url": "https://api.example.com/data"
      }
    },
    {
      "name": "Supabase Insert_v16",
      "type": "supabase",
      "parameters": {
        "table": "events"
      }
    },
    {
      "name": "Start",
      "type": "start",
      "parameters": {}
    },
    {
      "name": "Set",
      "type": "set",
      "parameters": {
        "fields": [
          {
            "name": "status",
            "value": "processed"
          }
        ]
      }
    },
    {
      "name": "Webhook",
      "type": "webhook",
      "parameters": {
        "path": "v16-trigger"
      }
    },
    {
      "name": "Supabase Insert",
      "type": "supabase",
      "parameters": {
        "table": "events"
      }
    },
    {
      "name": "Supabase Insert_v15_v16",
      "type": "supabase",
      "parameters": {
        "table": "events"
      }
    }
  ],
  "connections": {
    "HTTP Request": [
      "HTTP Request_v15_v16"
    ],
    "HTTP Request_v15_v16": [
      "HTTP Request_v16"
    ],
    "HTTP Request_v16": [
      "Supabase Insert_v16"
    ],
    "Supabase Insert_v16": [
      "Start"
    ],
    "Start": [
      "Set"
    ],
    "Set": [
      "Webhook"
    ],
    "Webhook": [
      "Supabase Insert"
    ],
    "Supabase Insert": [
      "Supabase Insert_v15_v16"
    ]
  }
}